,Published Date,UniqueID,Title,Author,Genre,Description,Price,Cost,Last Ordered,ReorderPoint,CopiesOnHand
0,2016-05-07 00:00:00,222001,Robert B. Parker's Slow Burn,Ace Atkins,Mystery,"Spenser is back, leaving a trail of antagonism as he investigates a series of suspicious Boston fires.",22.99,10.58,2018-10-01 00:00:00,1,2
1,2015-10-17 00:00:00,222002,All The Stars In The Heavens,Adriana Trigiani,Historical Fiction,A fictional treatment of the life of the actress Loretta Young focuses on her rumored affair with the married Clark Gable and her subsequent pregnancy.,26.95,19.94,2018-10-01 00:00:00,2,4
2,2013-11-30 00:00:00,222003,The Supreme Macaroni Company,Adriana Trigiani,Romance,"Tensions arise when Valentine Roncalli, a Greenwich Village shoe designer, marries a handsome Italian, and the two must balance careers, countries and families. The final book in the Valentine trilogy.",34.99,7,2018-10-01 00:00:00,4,6
3,2018-02-03 00:00:00,222004,The Grave's A Fine And Private Place,Alan Bradley,Mystery,"Flavia de Luce, a young British sleuth, gets involved in solving a murder after experiencing a family tragedy.",26.95,21.83,2018-10-01 00:00:00,5,7
4,2012-06-16 00:00:00,222005,Mission To Paris,Alan Furst,Historical Fiction,"In Paris in 1938, an actor stumbles into the clutches of Nazi conspirators who want to exploit his celebrity.",27,19.17,2018-10-01 00:00:00,8,11
5,2014-02-15 00:00:00,222006,The Counterfeit Agent,Alex Berenson,Thriller,John Wells is sent on a mission to find the truth about a mysterious Iranian package said to be bound for the United States.,16.99,9.68,2018-10-01 00:00:00,8,8
6,2010-02-13 00:00:00,222007,The Midnight House,Alex Berenson,Thriller,Who is killing members of a secret unit that interrogated terrorists? The C.I.A. agent John Wells is on the case.,25.95,3.11,2018-10-01 00:00:00,5,5
7,2013-02-16 00:00:00,222008,The Night Ranger,Alex Berenson,Thriller,The former C.I.A. operative John Wells pitches in when four young Americans who work at a refugee camp in Somalia are hijacked by bandits.,27.95,6.71,2018-10-01 00:00:00,3,4
8,2015-02-14 00:00:00,222009,Twelve Days,Alex Berenson,Thriller,The former C.I.A. operative John Wells discovers a plot to trick the president into invading Iran.,25,18.5,2018-10-01 00:00:00,8,9
9,2016-12-24 00:00:00,222010,Rogue One: A Star Wars Story,Alexander Freed,Science Fiction,"A novelization of the new movie, including additional scenes.",33.95,23.77,2018-10-01 00:00:00,6,7
10,2014-11-01 00:00:00,222011,The Handsome Man's De Luxe Café,Alexander McCall Smith,Mystery,The 15th book in the No. 1 Ladies’ Detective Agency series.,25.95,17.91,2018-10-01 00:00:00,3,6
11,2017-11-11 00:00:00,222012,The House Of Unexpected Sisters,Alexander McCall Smith,Mystery,"During an investigation, Precious Ramotswe encounters a man from her past and a nurse who has her last name.",29.95,16.47,2018-10-01 00:00:00,1,1
12,2011-04-23 00:00:00,222013,Quicksilver,Amanda Quick,Romance,"In this Arcane Society novel set in Victorian London, two paranormal talents must find a murderer before they become the next victims.",25.95,23.1,2018-10-01 00:00:00,6,0
13,2008-08-09 00:00:00,222014,The Gargoyle,Andrew Davidson,Romance,A hideously burned man is cared for by a sculptress who claims they were lovers seven centuries ago.,25.95,16.09,2018-10-01 00:00:00,3,5
14,2010-05-01 00:00:00,222015,Reckless,Andrew Gross,Thriller,"A close friend from the investigator Ty Hauck's past has been brutally murdered, and he will risk everything he loves to avenge her death.",22,9.46,2018-10-01 00:00:00,8,11
15,2017-11-18 00:00:00,222016,Artemis,Andy Weir,Science Fiction,A small-time smuggler living in a lunar colony schemes to pay off an old debt by pulling off a challenging heist.,31,18.91,2018-10-01 00:00:00,6,8
16,2017-04-15 00:00:00,222017,Song Of The Lion,Anne Hillerman,Mystery,"The third Southwestern mystery featuring the Navajo police officer Bernadette Manuelito and her husband, Jim Chee.",31.99,24.63,2018-10-01 00:00:00,6,8
17,2012-09-01 00:00:00,222018,A Sunless Sea,Anne Perry,Mystery,A murder case for William Monk of the Thames River Police culminates in a government minister’s corruption trial.,26,22.62,2018-10-01 00:00:00,2,2
18,2015-02-14 00:00:00,222019,A Spool Of Blue Thread,Anne Tyler,Contemporary Fiction,Four generations of a family are drawn to a house in the Baltimore suburbs.,15.95,1.75,2018-10-01 00:00:00,10,10
19,2014-05-10 00:00:00,222020,All The Light We Cannot See,Anthony Doerr,Historical Fiction,"The lives of a blind French girl and a gadget-obsessed German boy before and during World War II, when their paths eventually cross.",23.95,10.3,2018-10-01 00:00:00,6,8
20,2008-08-23 00:00:00,222021,Being Elizabeth,Barbara Taylor Bradford,Contemporary Fiction,A 25-year-old newly in control of her family’s corporate empire faces tough choices in business and in love.,27.95,21.8,2018-10-01 00:00:00,5,9
21,2014-04-05 00:00:00,222022,Cavendon Hall,Barbara Taylor Bradford,Historical Fiction,"In Edwardian England, an aristocratic family and the family who serve them share an ancestral home.",26,8.06,2018-10-01 00:00:00,4,5
22,2013-10-26 00:00:00,222023,Aimless Love,Billy Collins,Poetry,More than 50 new poems as well as selections from previous books from the two-term poet laureate of the Untied States.,30.99,25.41,2018-10-01 00:00:00,7,11
23,2011-01-15 00:00:00,222024,The Inner Circle,Brad Meltzer,Mystery,An archivist discovers a book that once belonged to George Washington and conceals a deadly secret.,26.99,11.61,2018-10-01 00:00:00,8,11
24,2017-01-14 00:00:00,222025,Ring Of Fire,Brad Taylor,Suspense,"Pike Logan, a member of a secret counterterrorist unit called the Taskforce, investigates a Saudi-backed Moroccan terrorist cell.",22,19.58,2018-10-01 00:00:00,4,6
25,2011-07-30 00:00:00,222026,Full Black,Brad Thor,Suspense,The covert counterterrorism operative Scot Harvath has a plan to stop a terrorist group that wants to take down the United States.,26.99,5.67,2018-10-01 00:00:00,4,1
26,2011-08-06 00:00:00,222027,Back Of Beyond,C J Box,Mystery,"Cody Hoyt, a brilliant cop and an alcoholic struggling with two months of sobriety, is determined to find his mentor’s killer.",25.99,24.69,2018-10-01 00:00:00,4,9
27,2008-09-27 00:00:00,222028,One Fifth Avenue,Candace Bushnell,Romance,"The worlds of gossip, theater and hedge funds have one address in common.",25.95,17.65,2018-10-01 00:00:00,1,2
28,2010-04-17 00:00:00,222029,Wrecked,Carol Higgins Clark,Mystery,"In the 13th mystery in this series, the suspicious disappearance of a neighbor interrupts a romantic weekend on Cape Cod for the P.I. Regan Reilly and her husband.",25,18,2018-10-01 00:00:00,8,11
29,2017-09-16 00:00:00,222030,Little Fires Everywhere,Celeste Ng,Contemporary Fiction,An artist with a mysterious past and a disregard for the status quo upends a quiet town outside Cleveland.,16,12,2018-10-01 00:00:00,8,10
30,2009-05-09 00:00:00,222031,Dead And Gone,Charlaine Harris,Mystery,Sookie Stackhouse searches for the killer of a werepanther.,25.95,24.65,2018-10-01 00:00:00,5,10
31,2011-10-01 00:00:00,222032,Nightwoods,Charles Frazier,Mystery,"When a young woman inherits her murdered sister’s troubled twins, her solitary life becomes filled with mystery and action.",26,10.92,2018-10-01 00:00:00,6,11
32,2014-01-25 00:00:00,222033,Hunting Shadows,Charles Todd,Historical Fiction,"In the aftermath of World War I, a Scotland Yard detective with a heavy burden of guilt, investigates two murders in Cambridgeshire that may be linked.",32.99,18.47,2018-10-01 00:00:00,4,7
33,2018-01-13 00:00:00,222034,The Immortalists,Chloe Benjamin,Fantasy,Four adolescents learn the dates of their deaths from a psychic and their lives go on different courses.,31,22.32,2018-10-01 00:00:00,6,9
34,2016-06-04 00:00:00,222035,The Emperor's Revenge,Clive Cussler and Boyd Morrison,Suspense,Juan Cabrillo teams up with a former C.I.A. colleague to thwart a plan involving the death of millions and international economic meltdown.,27.99,20.43,2018-10-01 00:00:00,1,3
35,2010-11-20 00:00:00,222036,Crescent Dawn,Clive Cussler and Dirk Cussler,Adventure,Dirk Pitt seeks a tie between a trove of ancient Roman artifacts and a series of mosque explosions.,27.95,20.12,2018-10-01 00:00:00,4,5
36,2017-06-03 00:00:00,222037,Nighthawk,Clive Cussler and Graham Brown,Thriller,The NUMA crew races the Russians and Chinese in a hunt for a missing American aircraft.,30,21.6,2018-10-01 00:00:00,1,6
37,2015-11-21 00:00:00,222038,The Pharaoh's Secret,Clive Cussler and Graham Brown,Thriller,Kurt Austin and Joe Zavala must save the NUMA crew from a mysterious toxin deployed by a villain who wants to build a new Egyptian empire.,31.95,12.46,2018-10-01 00:00:00,2,3
38,2013-06-01 00:00:00,222039,Zero Hour,Clive Cussler and Graham Brown,Thriller,"Kurt Austin, Joe Zavala and the rest of the Numa team search for a physicist's machine, buried in an ocean trench, that can cause deadly earthquakes in the 11th Numa Files novel.",28.95,25.19,2018-10-01 00:00:00,4,9
39,2016-03-05 00:00:00,222040,The Gangster,Clive Cussler and Justin Scott,Thriller,"n the ninth book in this series, set in 1906, the New York detective Isaac Bell contends with a crime boss passing as a respectable businessman and a tycoon’s plot against President Theodore Roosevelt.",30.95,7.12,2018-10-01 00:00:00,8,13
40,2015-09-05 00:00:00,222041,The Solomon Curse,Clive Cussler and Russell Blake,Thriller,The wealthy couple Sam and Remi Fargo investigate a dangerous legend in the Solomon Islands.,26.95,18.06,2018-10-01 00:00:00,9,11
41,2009-05-09 00:00:00,222042,Brooklyn,Colm Toibin,Historical Fiction,An unsophisticated young Irishwoman leaves her home for New York in the 1950s. Originally published in 2009 and the basis of the 2015 movie.,18.95,3.6,2018-10-01 00:00:00,1,1
42,2014-10-11 00:00:00,222043,Nora Webster,Colm Toibin,Historical Fiction,"In the 1970s, an Irish widow struggles to find her identity.",30.99,4.65,2018-10-01 00:00:00,2,3
43,2016-08-06 00:00:00,222044,The Underground Railroad,Colson Whitehead,Historical Fiction,"A slave girl heads toward freedom on the network, envisioned as actual tracks and tunnels.",32,3.2,2018-10-01 00:00:00,10,12
44,2013-06-29 00:00:00,222045,Sisterland,Curtis Sittenfeld,Contemporary Fiction,Twins with psychic abilities share a devastating secret.,27.99,20.71,2018-10-01 00:00:00,10,10
45,2010-05-15 00:00:00,222046,Executive Intent,Dale Brown,Thriller,"With the United States unleashing a missile-launching satellite that can strike anywhere in seconds, China and Russia respond swiftly and brutally.",27.95,22.64,2018-10-01 00:00:00,7,7
46,2017-07-15 00:00:00,222047,House Of Spies,Daniel Silva,Suspense,"Gabriel Allon, the Israeli art restorer and spy, now the head of Israel’s secret intelligence service, pursues an ISIS mastermind.",33.95,17.31,2018-10-01 00:00:00,5,6
47,2013-07-20 00:00:00,222048,The English Girl,Daniel Silva,Suspense,"Gabriel Allon, an art restorer and occasional spy for the Israeli secret service, steps in to help the British prime minister, whose lover has been kidnapped.",17.95,2.33,2018-10-01 00:00:00,1,1
48,2008-11-01 00:00:00,222049,A Good Woman,Danielle Steel,Romance,An American society girl who made a new life as a doctor in World War I France returns to New York.,27,10.53,2018-10-01 00:00:00,1,6
49,2010-10-02 00:00:00,222050,Legacy,Danielle Steel,Romance,"A writer’s stunning family discovery leads to Paris, the French aristocracy and a mysterious Sioux ancestor.",28,6.44,2018-10-01 00:00:00,1,3
50,2015-02-28 00:00:00,222051,Prodigal Son,Danielle Steel,Romance,"Twins, one good and one bad, reunite after 20 years when one of them returns to their hometown. But it is no longer clear who the good and who the bad one is.",18.95,9.1,2018-10-01 00:00:00,2,3
51,2018-05-19 00:00:00,222052,The Cast,Danielle Steel,Romance,A magazine columnist meets an array of Hollywood professionals when a producer turns a story about her grandmother into a TV series.,21.95,12.95,2018-10-01 00:00:00,10,15
52,2017-01-07 00:00:00,222053,The Mistress,Danielle Steel,Romance,The beautiful mistress of a Russian oligarch falls in love with an artist and yearns for freedom.,36.95,15.52,2018-10-01 00:00:00,4,8
53,2011-06-18 00:00:00,222054,One Summer,David Baldacci,Romance,"As Christmas nears, a terminally ill man is preparing his family for his death when another tragedy strikes.",25.99,20.01,2018-10-01 00:00:00,2,4
54,2015-11-21 00:00:00,222055,The Guilty,David Baldacci,Mystery,The government hit man Will Robie investigates murder charges against his estranged father in their Mississippi hometown.,19.95,17.16,2018-10-01 00:00:00,3,3
55,2011-04-23 00:00:00,222056,The Sixth Man,David Baldacci,Mystery,"The lawyer for an alleged serial killer is murdered, and two former Secret Service agents are on the case.",27.99,20.15,2018-10-01 00:00:00,4,2
56,2011-11-05 00:00:00,222057,Zero Day,David Baldacci,Suspense,A military investigator uncovers a conspiracy.,27.99,18.47,2018-10-01 00:00:00,9,12
57,2015-02-14 00:00:00,222058,Holy Cow,David Duchovny,Humor,A light-hearted fable by the actor.,19.99,11.79,2018-10-01 00:00:00,5,6
58,2010-07-03 00:00:00,222059,The Thousand Autumns Of Jacob De Zoet,David Mitchell,Historical Fiction,Forbidden love in Edo-era Japan.,26,9.62,2018-10-01 00:00:00,10,15
59,2011-09-17 00:00:00,222060,How Firm A Foundation,David Weber,Science Fiction,The island empire of Charis fights to survive.,27.99,23.79,2018-10-01 00:00:00,7,12
60,2014-02-22 00:00:00,222061,Like A Mighty Army,David Weber,Science Fiction,"In Book 7 of the Safehold science fiction series, the empire of Charis fights for self-determination.",22,17.6,2018-10-01 00:00:00,3,7
61,2012-09-22 00:00:00,222062,Midst Toil And Tribulation,David Weber,Science Fiction,"In Book 6 of the Safehold science fiction series, the republic of Siddamark descends into chaos.",27.99,10.08,2018-10-01 00:00:00,8,8
62,2010-06-26 00:00:00,222063,Mission Of Honor,David Weber,Science Fiction,Honor Harrington defends the Star Kingdom of Manticore as it is besieged by many enemies.,27,6.75,2018-10-01 00:00:00,1,3
63,2011-12-31 00:00:00,222064,77 Shadow Street,Dean Koontz,Horror,"A 19th-century tycoon’s mansion has been turned into luxury apartments, but it remains in the grip of evil forces.",28,14.56,2018-10-01 00:00:00,5,6
64,2013-12-14 00:00:00,222065,Innocence,Dean Koontz,Horror,A grotesque man living in exile beneath the city encounters a teenage girl hiding from dangerous enemies.,21,13.44,2018-10-01 00:00:00,3,7
65,2012-08-04 00:00:00,222066,Odd Apocalypse,Dean Koontz,Horror,"Odd Thomas, who can communicate with the dead, explores the mysteries of an old estate now owned by a billionaire.",28,14.28,2018-10-01 00:00:00,1,1
66,2008-10-04 00:00:00,222067,A Cedar Cove Christmas,Debbie Macomber,Romance,A pregnant woman shows up in Cedar Cove on Christmas Eve and goes into labor in a room above a stable.,16.95,4.75,2018-10-01 00:00:00,4,6
67,2010-10-02 00:00:00,222068,Call Me Mrs. Miracle,Debbie Macomber,Romance,"Working in the toy section of a department store, Emily Merkle is called upon to engineer some Christmas miracles.",16.95,8.31,2018-10-01 00:00:00,4,6
68,2015-03-14 00:00:00,222069,Last One Home,Debbie Macomber,Romance,Three estranged sisters work to resolve their differences,20,15.6,2018-10-01 00:00:00,5,5
69,2013-10-12 00:00:00,222070,Starry Night,Debbie Macomber,Romance,"At Christmastime, a big-city columnist sets out to interview a reclusive author in Alaska.",24.95,17.96,2018-10-01 00:00:00,10,15
70,2009-05-02 00:00:00,222071,Summer On Blossom Street,Debbie Macomber,Romance,More stories of life and love from a Seattle knitting class.,24.95,7.24,2018-10-01 00:00:00,2,7
71,2012-08-18 00:00:00,222072,The Inn At Rose Harbor,Debbie Macomber,Romance,A young widow buys a bed-and-breakfast.,26,24.18,2018-10-01 00:00:00,5,8
72,2016-10-08 00:00:00,222073,Twelve Days Of Christmas,Debbie Macomber,Romance,"A woman starts a blog about her attempt to reach out to a grumpy neighbor at Christmastime, and finds herself falling for him.",25.99,23.13,2018-10-01 00:00:00,10,11
73,2011-02-12 00:00:00,222074,A Discovery Of Witches,Deborah Harkness,Fantasy,The recovery of a lost ancient manuscript in a library at Oxford sets a fantastical underworld stirring.,28.95,3.76,2018-10-01 00:00:00,7,8
74,2012-07-14 00:00:00,222075,Shadow Of Night,Deborah Harkness,Fantasy,"An Oxford scholar/witch and a vampire geneticist pursue history, secrets and each other in Elizabethan London.",28.95,21.13,2018-10-01 00:00:00,10,15
75,2014-07-19 00:00:00,222076,The Book Of Life,Deborah Harkness,Fantasy,"In the conclusion to the All Souls trilogy, the Oxford scholar/witch Diana Bishop and the vampire geneticist Matthew Clairmont return from Elizabethan London to the present.",27.95,8.66,2018-10-01 00:00:00,9,9
76,2008-09-27 00:00:00,222077,The Given Day,Dennis Lehane,Historical Fiction,"A policman, a fugitive and their families persevere in the turbulence of Boston at the end of World War I.",27.95,6.99,2018-10-01 00:00:00,6,11
77,2011-12-03 00:00:00,222078,The Scottish Prisoner,Diana Gabaldon,Romance,"Jamie Fraser, a paroled Jacobite prisoner, and Lord John Grey collaborate uneasily on a mission to Ireland.",28,24.92,2018-10-01 00:00:00,2,6
78,2009-05-30 00:00:00,222079,Heartless,Diana Palmer,Romance,A woman‘s secret makes it hard for her to accept her stepbrother‘s love.,24.95,21.46,2018-10-01 00:00:00,4,4
79,2011-04-09 00:00:00,222080,Crunch Time,Diane Mott Davidson,Mystery,The caterer and sleuth Goldy Schulz tries to help a friend whose rental house has been destroyed by arson.,26.99,3.78,2018-10-01 00:00:00,2,4
80,2009-04-11 00:00:00,222081,Fatally Flaky,Diane Mott Davidson,Mystery,The caterer Goldy Schulz tries to outwit a killer on the grounds of an Aspen spa.,25.99,22.09,2018-10-01 00:00:00,1,5
81,2016-05-07 00:00:00,222082,Zero K,Don DeLillo,Science Fiction,A billionaire and his son meet at a remote desert compound dedicated to preserving bodies until they can be returned to life in the future.,20,15.2,2018-10-01 00:00:00,4,6
82,2009-07-04 00:00:00,222083,Return To Sullivans Island,Dorothea Benton Frank,Contemporary Fiction,A recent college graduate returns to her family’s home on an island in the South Carolina Lowcountry and wrestles with tragedy and betrayal in the company of her appealing relatives.,25.99,13.25,2018-10-01 00:00:00,8,13
83,2014-06-07 00:00:00,222084,The Hurricane Sisters,Dorothea Benton Frank,Contemporary Fiction,Three generations of women endure a stormy summer in South Carolina's Lowcountry.,16,9.6,2018-10-01 00:00:00,4,5
84,2014-05-17 00:00:00,222085,The Kraken Project,Douglas Preston,Science Fiction,"The former C.I.A. agent Wyman Ford must stop Dorothy, a powerful artificial intelligence that has gone rogue.",35,28,2018-10-01 00:00:00,10,14
85,2011-02-26 00:00:00,222086,Gideon’s Sword,Douglas Preston and Lincoln Child,Suspense,Gideon Crew avenges his father’s death and is sent on a mission by a government contractor.,26.99,19.7,2018-10-01 00:00:00,9,11
86,2016-10-22 00:00:00,222087,The Obsidian Chamber,Douglas Preston and Lincoln Child,Suspense,"While the F.B.I. agent Aloysius Pendergast is believed dead, his ward is kidnapped.",17,3.57,2018-10-01 00:00:00,10,13
87,2012-12-15 00:00:00,222088,Two Graves,Douglas Preston and Lincoln Child,Suspense,Special Agent Aloysius Pendergast pursues a serial killer as well as his abducted wife.,26.99,13.23,2018-10-01 00:00:00,4,9
88,2017-07-22 00:00:00,222089,Meddling Kids,Edgar Cantero,Mystery,Four old friends return to the site of their teenage adventures.,30.95,3.71,2018-10-01 00:00:00,3,4
89,2013-03-16 00:00:00,222090,The Supremes At Earl's All-You-Can-Eat,Edward Kelsey Moore,Humor,Four decades in the friendship of three middle-class black women in a small southern Indiana town.,24.95,7.49,2018-10-01 00:00:00,10,11
90,2016-06-18 00:00:00,222091,Here's To Us,Elin Hilderbrand,Contemporary Fiction,Sparks fly as a celebrity chef’s ex-wives pile into a small cabin in Nantucket to join his widow for the reading of his will.,26.95,8.62,2018-10-01 00:00:00,9,13
91,2009-07-11 00:00:00,222092,The Castaways,Elin Hilderbrand,Contemporary Fiction,"A Nantucket couple drowns, raising questions and precipitating conflicts among their group of friends.",24.99,16.99,2018-10-01 00:00:00,2,7
92,2017-06-17 00:00:00,222093,The Identicals,Elin Hilderbrand,Contemporary Fiction,"Complications in the lives of identical twins who were raised by their divorced parents, one on Nantucket, one on Martha’s Vineyard.",33.95,4.41,2018-10-01 00:00:00,10,14
93,2014-06-14 00:00:00,222094,The Matchmaker,Elin Hilderbrand,Contemporary Fiction,A Nantucket resident’s life is shaken by a diagnosis and the return to the island of her high school sweetheart.,25,11,2018-10-01 00:00:00,4,4
94,2016-10-08 00:00:00,222095,Winter Storms,Elin Hilderbrand,Contemporary Fiction,"In the final book of the Winter Street trilogy, a huge snowstorm bearing down on Nantucket threatens the Quinn family’s Christmas, after a year of significant events.",29,24.94,2018-10-01 00:00:00,4,7
95,2014-10-18 00:00:00,222096,Winter Street,Elin Hilderbrand,Contemporary Fiction,Complications ensue when the owner of Nantucket’s Winter Street Inn gathers his four children and their families for Christmas.,20.95,2.3,2018-10-01 00:00:00,6,9
96,2010-05-15 00:00:00,222097,Heart Of The Matter,Emily Giffin,Romance,"The lives of two women — one married to a pediatric plastic surgeon, the other a lawyer and single mother — converge after an accident involving the lawyer’s son.",26.99,6.21,2018-10-01 00:00:00,3,1
97,2012-07-28 00:00:00,222098,Where We Belong,Emily Giffin,Romance,A woman’s successful life is disrupted by the appearance of an 18-year-old girl with a link to her past.,27.99,8.12,2018-10-01 00:00:00,3,7
98,2014-04-05 00:00:00,222099,Frog Music,Emma Donoghue,Mystery,"A murder mystery set in San Francisco in 1876, when the city is in the grip of a smallpox epidemic and a heat wave.",16.95,4.92,2018-10-01 00:00:00,5,10
99,2014-05-31 00:00:00,222100,The Vacationers,Emma Straub,Contemporary Fiction,"Well-heeled New Yorkers and their friends spend two weeks in Majorca, a time when rivalries and secrets come to light.",33,5.94,2018-10-01 00:00:00,10,14
100,2009-08-29 00:00:00,222101,Resurrecting Midnight,Eric Jerome Dickey,Suspense,"Gideon, an international assassin, travels to Argentina in pursuit of a dangerous assignment.",26.95,14.55,2018-10-01 00:00:00,3,3
101,2016-12-03 00:00:00,222102,The Whole Town's Talking,Fannie Flagg,Historical Fiction,"A century of life in small-town Elmwood Springs, Mo.",31.99,21.11,2018-10-01 00:00:00,1,2
102,2013-08-24 00:00:00,222103,The Kill List,Frederick Forsyth,Suspense,An Arabic-speaking Marine major known as the Tracker pursues a terrorist who radicalizes young Muslims living abroad.,23.95,10.78,2018-10-01 00:00:00,2,7
103,2008-05-24 00:00:00,222104,The Art Of Racing In The Rain,Garth Stein,Contemporary Fiction,"A Lab-terrier mix with great insight into the human condition helps his owner, a struggling race car driver.",23.95,10.3,2018-10-01 00:00:00,1,2
104,2010-09-25 00:00:00,222105,The Fall,Guillermo del Toro and Chuck Hogan,Fantasy,A war erupts between Old and New World vampires. Book 2 of the Strain trilogy.,26.99,13.23,2018-10-01 00:00:00,7,7
105,2016-03-26 00:00:00,222106,Fool Me Once,Harlan Coben,Suspense,A retired Army helicopter pilot faces combat-related nightmares and mysteries concerning the deaths of her husband and sister.,24.95,12.72,2018-10-01 00:00:00,10,11
106,2011-03-26 00:00:00,222107,Live Wire,Harlan Coben,Mystery,Myron Bolitar’s search for a missing rock star leads to questions about his own missing brother.,27.95,13.98,2018-10-01 00:00:00,6,9
107,2013-10-19 00:00:00,222108,Bridget Jones: Mad About The Boy,Helen Fielding,Romance,"Bridget, now 51 and a mother and widow, is once again looking for love.",29.95,18.57,2018-10-01 00:00:00,1,6
108,2012-11-17 00:00:00,222109,Sweet Tooth,Ian McEwan,Suspense,A British woman working for MI5 in 1972 falls in love with a writer the service is clandestinely supporting.,26.95,16.17,2018-10-01 00:00:00,4,8
109,2014-08-02 00:00:00,222110,Magic Breaks,Ilona Andrews,Fantasy,"In the seventh Kate Daniels novel, Kate deals with paranormal politics in Atlanta as she prepares the Pack for an attack.",32,16.96,2018-10-01 00:00:00,2,4
110,2011-10-22 00:00:00,222111,Bonnie,Iris Johansen,Mystery,The forensic sculptor Eve Duncan learns more about her daughter’s disappearance and the girl’s father‘s possible involvement.,27.99,24.07,2018-10-01 00:00:00,9,13
111,2013-07-20 00:00:00,222112,Hunting Eve,Iris Johansen,Mystery,"In the second book of a trilogy, the forensic sculptor Eve Duncan struggles to outwit a kidnapper in the Colorado wilderness.",35.99,28.07,2018-10-01 00:00:00,3,5
112,2014-05-03 00:00:00,222113,Live To See Tomorrow,Iris Johansen,Mystery,The C.I.A. operative Catherine Ling must spearhead the rescue of an American journalist kidnapped in Tibet.,34,6.46,2018-10-01 00:00:00,5,9
113,2013-10-05 00:00:00,222114,Silencing Eve,Iris Johansen,Mystery,The final book of a trilogy about the forensic sculptor Eve Duncan.,19,7.03,2018-10-01 00:00:00,6,11
114,2012-10-20 00:00:00,222115,Sleep No More,Iris Johansen,Mystery,The forensic sculptor Eve Duncan investigates when her mother’s friend disappears from a mental hospital.,27.99,4.48,2018-10-01 00:00:00,3,4
115,2015-11-07 00:00:00,222116,The Japanese Lover,Isabel Allende,Romance,"A young refugee from the Nazis and the son of her family’s Japanese gardener must hide their love, although it lasts a lifetime.",33.99,8.16,2018-10-01 00:00:00,3,7
116,2012-07-28 00:00:00,222117,Judgment Call,J A Jance,Mystery,"Joanna Brady, an Arizona sheriff, must function as both a law officer and a mother when her daughter’s high school principal is murdered.",25.99,8.84,2018-10-01 00:00:00,10,11
117,2012-02-11 00:00:00,222118,Left For Dead,J A Jance,Mystery,"Ali Reynolds seeks justice for an old friend and an unidentified woman, both victims of brutal attacks.",25.99,20.01,2018-10-01 00:00:00,10,13
118,2011-02-26 00:00:00,222119,Treachery In Death,J D Robb,Mystery,"Eve Dallas and her partner, Peabody, investigate a grocer’s murder.",26.95,5.93,2018-10-01 00:00:00,5,8
119,2013-03-30 00:00:00,222120,Lover At Last,J R Ward,Fantasy,Book 11 of the Black Dagger Brotherhood series.,27.95,12.86,2018-10-01 00:00:00,7,12
120,2009-01-31 00:00:00,222121,A Darker Place,Jack Higgins,Suspense,A Russian defector becomes a counterspy.,26.95,11.86,2018-10-01 00:00:00,7,11
121,2014-02-08 00:00:00,222122,Confessions Of A Wild Child,Jackie Collins,Romance,The early years of Collins’s recurring character Lucky Santangelo.,30.95,17.95,2018-10-01 00:00:00,10,10
122,2010-02-13 00:00:00,222123,Poor Little Bitch Girl,Jackie Collins,Romance,"Hollywood murder, three beautiful 20-something high school friends, a hot New York club owner.",26.99,17.54,2018-10-01 00:00:00,1,1
123,2011-03-26 00:00:00,222124,A Lesson In Secrets,Jacqueline Winspear,Historical Fiction,"In the summer of 1932, Maisie Dobbs’s first assignment for the British secret service takes her undercover to Cambridge as a professor.",25.99,12.22,2018-10-01 00:00:00,7,1
124,2013-03-30 00:00:00,222125,Leaving Everything Most Loved,Jacqueline Winspear,Suspense,"In 1933, the private investigator Maisie Dobbs helps an Indian man whose sister’s murder has been ignored by Scotland Yard.",26.99,2.97,2018-10-01 00:00:00,10,14
125,2018-03-31 00:00:00,222126,To Die But Once,Jacqueline Winspear,Suspense,"In 1940, months after Britain declared war on Germany, Maisie Dobbs investigates the disappearance of an apprentice working on a government contract.",24.95,19.21,2018-10-01 00:00:00,1,5
126,2016-08-13 00:00:00,222127,Another Brooklyn,Jacqueline Woodson,Contemporary Fiction,An adult novel by an award-winning children's book author centers on memories of growing up and the close friendship of four girls.,36,9.72,2018-10-01 00:00:00,10,12
127,2013-07-27 00:00:00,222128,Light Of The World,James Lee Burke,Thriller,A savage killer follows the detective Dave Robicheaux and his family to a Montana ranch.,32,10.88,2018-10-01 00:00:00,5,7
128,2009-07-18 00:00:00,222129,Rain Gods,James Lee Burke,Thriller,A Texas sheriff investigates a mass murder of illegal aliens and tries to find the young Iraq war veteran who may have been involved — before the F.B.I. can.,25.99,21.05,2018-10-01 00:00:00,2,6
129,2018-01-06 00:00:00,222130,Robicheaux,James Lee Burke,Thriller,A bereaved detective confronts his past and works to clear his name when he becomes a suspect during an investigation into the murder of the man who killed his wife.,17.95,15.98,2018-10-01 00:00:00,5,6
130,2014-11-29 00:00:00,222131,Hope To Die,James Patterson,Suspense,Detective Alex Cross’s family is kidnapped by a madman who wants to turn Cross into a perfect killer.,31.95,3.51,2018-10-01 00:00:00,7,12
131,2012-11-17 00:00:00,222132,"Merry Christmas, Alex Cross",James Patterson,Suspense,Detective Alex Cross confronts both a hostage situation and a terrorist act at Christmas.,28.99,8.99,2018-10-01 00:00:00,7,10
132,2018-02-24 00:00:00,222133,Fifty Fifty,James Patterson and Candice Fox,Mystery,Detective Harriet Blue tries to clear her brother's name and save a small Australian town from being massacred.,35.99,28.07,2018-10-01 00:00:00,7,12
133,2015-10-03 00:00:00,222134,The Murder House,James Patterson and David Ellis,Mystery,"When bodies are found at a Hamptons estate where a series of grisly murders once occurred, a local detective and former New York City cop investigates.",23.95,17.72,2018-10-01 00:00:00,6,6
134,2015-05-09 00:00:00,222135,14Th Deadly Sin,James Patterson and Maxine Paetro,Mystery,"A video of a shocking crime surfaces, casting suspicion on a San Francisco detective's colleagues.",24.99,6.25,2018-10-01 00:00:00,4,9
135,2015-01-31 00:00:00,222136,Private Vegas,James Patterson and Maxine Paetro,Mystery,"Jack Morgan, the head of an investigative firm, uncovers a murder ring in Las Vegas.",32,25.92,2018-10-01 00:00:00,8,11
136,2011-07-02 00:00:00,222137,Now You See Her,James Patterson and Michael Ledwidge,Mystery,"Nina Bloom, who years ago changed her identity to save her life, is forced to confront the past and the killer she thought she had escaped.",27.99,8.4,2018-10-01 00:00:00,1,2
137,2011-10-22 00:00:00,222138,The Christmas Wedding,James Patterson and Richard DiLallo,Romance,A widow keeps the identity of the new man she is about to marry a secret as her children gather for Christmas.,25.99,23.65,2018-10-01 00:00:00,2,3
138,2017-08-19 00:00:00,222139,The Store,James Patterson and Richard DiLallo,Thriller,Two New York writers go undercover to expose the secrets of a powerful retailer.,31,15.19,2018-10-01 00:00:00,2,2
139,2010-01-02 00:00:00,222140,Altar Of Eden,James Rollins,Thriller,A Louisiana veterinarian discovers a wrecked fishing trawler filled with genetically altered animals.,27.99,25.75,2018-10-01 00:00:00,1,1
140,2013-04-06 00:00:00,222141,All That Is,James Salter,Historical Fiction,A veteran makes a career in publishing in postwar New York and struggles to achieve romantic success.,26.95,14.01,2018-10-01 00:00:00,6,10
141,2013-09-14 00:00:00,222142,Songs Of Willow Frost,Jamie Ford,Historical Fiction,A 12-year-old Seattle orphan during the Depression becomes convinced that a movie star is really his vanished mother.,18,6.3,2018-10-01 00:00:00,9,10
142,2012-03-17 00:00:00,222143,Another Piece Of My Heart,Jane Green,Romance,"A woman in her late 30s marries the man of her dreams and reaches out to his daughters by his previous marriage, but one of them is determined to destroy her.",25.99,20.27,2018-10-01 00:00:00,4,8
143,2017-07-22 00:00:00,222144,Watch Me Disappear,Janelle Brown,Mystery,"When a Berkeley woman vanishes after a hiking trip, her husband and daughter discover disturbing secrets.",32.95,30.64,2018-10-01 00:00:00,4,4
144,2009-06-27 00:00:00,222145,Finger Lickin’ Fifteen,Janet Evanovich,Mystery,The bounty hunter Stephanie Plum hunts a celebrity chef’s killer.,27.95,3.63,2018-10-01 00:00:00,4,7
145,2010-06-26 00:00:00,222146,Sizzling Sixteen,Janet Evanovich,Mystery,The bounty hunter Stephanie Plum comes to the aid of a cousin with gambling debts.,27.99,12.32,2018-10-01 00:00:00,1,2
146,2012-01-07 00:00:00,222147,Love In A Nutshell,Janet Evanovich and Dorien Kelly,Romance,A former magazine editor attempts to turn her parents’ summer house into a bed-and-breakfast.,27.99,22.95,2018-10-01 00:00:00,3,3
147,2013-01-12 00:00:00,222148,The Husband List,Janet Evanovich and Dorien Kelly,Romance,"In New York City in 1894, a wealthy young woman yearns for adventure and the love of an Irish-American with new money, rather than the titled Britons to whom her mother hopes to marry her off.",27.99,23.51,2018-10-01 00:00:00,9,11
148,2014-11-22 00:00:00,222149,The Job,Janet Evanovich and Lee Goldberg,Mystery,"The F.B.I. special agent Kate O’Hare works with Nicolas Fox, a handsome con man, to pursue a drug kingpin.",28.95,20.27,2018-10-01 00:00:00,10,14
149,2016-06-25 00:00:00,222150,The Pursuit,Janet Evanovich and Lee Goldberg,Mystery,"The F.B.I. agent Kate O’Hare and her con man partner, Nick Fox, face off against a dangerous ex-Serbian military officer.",25.99,18.45,2018-10-01 00:00:00,5,1
150,2018-03-10 00:00:00,222151,Star Wars: The Last Jedi,Jason Fry,Science Fiction,"An adaptation of the film, written with input from its director, Rian Johnson, which includes scenes from alternate versions of the script.",28.99,24.64,2018-10-01 00:00:00,2,4
151,2013-06-08 00:00:00,222152,Red Sparrow,Jason Matthews,Suspense,A Russian intelligence officer trained in the art of seduction becomes entangled with a young C.I.A. officer.,26.95,11.59,2018-10-01 00:00:00,4,9
152,2012-01-14 00:00:00,222153,Copper Beach,Jayne Ann Krentz,Suspense,"Amy Radwell, whose psychic talent enables her to understand the paranormal secrets in rare books, becomes the target of a blackmailer. The first book in a new series about rare books and psychic codes.",25.95,16.09,2018-10-01 00:00:00,5,5
153,2015-01-10 00:00:00,222154,Trust No One,Jayne Ann Krentz,Suspense,A woman who is being stalked is aided by an unlikely ally.,17.95,12.39,2018-10-01 00:00:00,9,10
154,2013-06-15 00:00:00,222155,The Silver Star,Jeannette Walls,Contemporary Fiction,"When their irresponsible mother takes off, a 12-year-old California girl and her sister join the rest of their family in Virginia.",23.95,8.38,2018-10-01 00:00:00,8,12
155,2009-09-12 00:00:00,222156,Dexter By Design,Jeff Lindsay,Mystery,"A serial killer who arranges victims in artful poses challenges the Miami Police Department and its blood splatter analyst, Dexter.",25,2.75,2018-10-01 00:00:00,9,13
156,2009-11-07 00:00:00,222157,No Less Than Victory,Jeff Shaara,Historical Fiction,"The final volume of a trilogy of novels about World War II focuses on the final years of the war, including the Battle of the Bulge and the American sweep through Germany.",28,20.72,2018-10-01 00:00:00,1,3
157,2015-06-06 00:00:00,222158,The Fateful Lightning,Jeff Shaara,Historical Fiction,The fourth and final volume in a series of Civil War novels describes the war's last months through multiple perspectives.,28.95,5.5,2018-10-01 00:00:00,8,13
158,2009-06-13 00:00:00,222159,Roadside Crosses,Jeffery Deaver,Mystery,A California kinesics expert pursues a killer who stalks victims using information they’ve posted online.,26.95,7.82,2018-10-01 00:00:00,8,13
159,2017-04-15 00:00:00,222160,The Burial Hour,Jeffery Deaver,Mystery,Lincoln Rhyme travels to Italy to investigate a case.,16,1.6,2018-10-01 00:00:00,5,5
160,2009-11-28 00:00:00,222161,First Lord’S Fury,Jim Butcher,Fantasy,"With their survival at stake, Alerans prepare for a final battle in the sixth book of the Alera fantasy cycle.",25.95,13.23,2018-10-01 00:00:00,1,4
161,2011-07-30 00:00:00,222162,Ghost Story,Jim Butcher,Fantasy,"Harry Dresden, the wizard detective in Chicago, has been murdered. But that doesn’t stop him when his friends are in danger.",27.95,12.02,2018-10-01 00:00:00,9,13
162,2009-04-11 00:00:00,222163,Turn Coat,Jim Butcher,Fantasy,Book 11 of the Dresden Files series about a wizard detective in Chicago.,25.95,9.34,2018-10-01 00:00:00,3,6
163,2018-04-14 00:00:00,222164,Macbeth,Jo Nesbo,Shakespeare,"In this adaptation of Shakespeare's tragedy, police in a 1970s industrial town take on a pair of drug lords.",28.95,7.53,2018-10-01 00:00:00,7,12
164,2017-03-04 00:00:00,222165,Banana Cream Pie Murder,Joanne Fluke,Mystery,"Hannah Swensen, the bakery owner and amateur sleuth of Lake Eden, Minn., returns from her honeymoon to confront an actress’s mysterious death.",36.95,14.41,2018-10-01 00:00:00,5,7
165,2016-02-27 00:00:00,222166,Wedding Cake Murder,Joanne Fluke,Mystery,"The Lake Eden, Minn., baker Hannah Swensen is about to get married, but first she must solve the murder of a visiting celebrity chef. Recipes included.",23.95,17.72,2018-10-01 00:00:00,10,14
166,2013-05-04 00:00:00,222167,Nos4A2,Joe Hill,Fantasy,"In a creepy battle between real and imaginary worlds, a brave biker chick is pitted against a ghoulish villain who lures children to a place where it is always Christmas.",34,28.56,2018-10-01 00:00:00,9,14
167,2017-03-18 00:00:00,222168,Without Warning,Joel C Rosenberg,Suspense,A journalist pursues the head of ISIS after an attack on the Capitol when the administration fails to take action.,27.95,12.02,2018-10-01 00:00:00,7,11
168,2010-06-19 00:00:00,222169,That Perfect Someone,Johanna Lindsey,Romance,"To avoid falling into a ruthless nobleman's trap, an heiress enters into a risky, intimate charade with a man she was once bound to wed.",25,18.25,2018-10-01 00:00:00,9,9
169,2009-11-07 00:00:00,222170,Ford County,John Grisham,Contemporary Fiction,Stories set in rural Mississippi.,24,14.88,2018-10-01 00:00:00,10,12
170,2016-10-29 00:00:00,222171,The Whistler,John Grisham,Suspense,A whistleblower alerts a Florida investigator to judicial corruption involving the Mob and Indian casinos.,26.95,13.48,2018-10-01 00:00:00,8,13
171,2009-05-16 00:00:00,222172,The Last Child,John Hart,Mystery,A teenager searches for his inexplicably vanished twin sister.,24.95,15.72,2018-10-01 00:00:00,2,5
172,2011-01-08 00:00:00,222173,Damage,John Lescroart,Mystery,The San Francisco detective Abe Glitsky faces a scion of wealth who’s seeking revenge against those who sent him to prison a decade ago.,26.95,24.26,2018-10-01 00:00:00,7,8
173,2012-01-07 00:00:00,222174,The Hunter,John Lescroart,Mystery,A San Francisco private investigator discovers chilling facts about his birth family.,26.95,5.66,2018-10-01 00:00:00,6,7
174,2016-10-22 00:00:00,222175,Escape Clause,John Sandford,Mystery,Virgil Flowers of the Minnesota Bureau of Criminal Apprehension must deal with the theft of tigers from the local zoo.,35.95,7.19,2018-10-01 00:00:00,4,5
175,2008-10-25 00:00:00,222176,Bones,Jonathan Kellerman,Mystery,The psychologist-detective Alex Delaware is called in when women’s bodies keep turning up in a Los Angeles marsh.,27,14.85,2018-10-01 00:00:00,2,7
176,2012-03-03 00:00:00,222177,Victims,Jonathan Kellerman,Mystery,The Los Angeles psychologist-detective Alex Delaware and the detective Milo Sturgis track down a homicidal maniac.,28,16.52,2018-10-01 00:00:00,1,5
177,2018-01-13 00:00:00,222178,Blood Fury,JR Ward,Fantasy,The third book in the Black Dagger Legacy series.,30.95,21.05,2018-10-01 00:00:00,10,13
178,2015-06-06 00:00:00,222179,In The Unlikely Event,Judy Blume,Historical Fiction,Secrets are revealed and love stories play out against the backdrop of a series of panic-inducing plane crashes in 1950s New Jersey.,18.95,16.87,2018-10-01 00:00:00,9,12
179,2009-08-22 00:00:00,222180,Dreamfever,Karen Marie Moning,Fantasy,MacKlaya finds herself under the erotic spell of a Fae master.,26,21.06,2018-10-01 00:00:00,6,10
180,2011-01-22 00:00:00,222181,Shadowfever,Karen Marie Moning,Fantasy,"Hunting for her sister’s murderer, MacKayla Lane is caught up in the struggle between humans and the Fae.",26,13.78,2018-10-01 00:00:00,9,13
181,2016-09-24 00:00:00,222182,The Kept Woman,Karin Slaughter,Suspense,"Will Trent of the Georgia Bureau of Investigation and his lover, the medical examiner Sara Linton, pursue a case involving a dirty Atlanta cop.",16.95,15.26,2018-10-01 00:00:00,2,2
182,2009-07-18 00:00:00,222183,Undone,Karin Slaughter,Suspense,Dr. Sara Linton works with agents of the Georgia Bureau of Investigation to stop a killer who tortures his victims.,26,7.28,2018-10-01 00:00:00,2,4
183,2015-10-24 00:00:00,222184,The Lake House,Kate Morton,Historical Fiction,A London detective investigating a missing-persons case becomes curious about an unsolved 1933 kidnapping in Cornwall.,16.95,10.17,2018-10-01 00:00:00,8,12
184,2014-09-27 00:00:00,222185,Bones Never Lie,Kathy Reichs,Mystery,"A child murderer who eluded capture years ago has resurfaced, giving the forensic anthropologist Temperance Brennan another chance to stop her.",14.95,9.42,2018-10-01 00:00:00,10,12
185,2017-07-15 00:00:00,222186,Two Nights,Kathy Reichs,Mystery,"Sunday Night, the heroine of a new series from the creator of Temperance Brennan, searches for a girl who may have been kidnapped by a cult.",17.95,15.98,2018-10-01 00:00:00,9,10
186,2010-01-30 00:00:00,222187,Blood Ties,Kay Hooper,Mystery,The F.B.I. agent Noah Bishop and his special crimes unit pursue a brutal enemy.,26,5.2,2018-10-01 00:00:00,7,7
187,2012-08-04 00:00:00,222188,Haven,Kay Hooper,Mystery,The F.B.I. agent Noah Bishop and his special crimes unit help two sisters probe the secrets of a North Carolina town.,26.95,14.82,2018-10-01 00:00:00,1,3
188,2014-08-09 00:00:00,222189,Dark Skye,Kresley Cole,Fantasy,Will a scarred warrior and the beautiful sorceress with the power to heal him overcome the challenges of their warring families and the chaotic battles around them? Book 15 in the Immortals After Dark series.,20,4,2018-10-01 00:00:00,4,0
189,2017-09-09 00:00:00,222190,Enemy Of The State,Kyle Mills,Suspense,Vince Flynn's character Mitch Rapp leaves the C.I.A. to go on a manhunt when the nephew of a Saudi King finances a terrorist group.,20.95,4.19,2018-10-01 00:00:00,8,13
190,2016-10-15 00:00:00,222191,Vince Flynn: Order To Kill,Kyle Mills,Suspense,"Flynn’s character, the C.I.A. operative Mitch Rapp, uncovers a dangerous Russian plot. Flynn died in 2013.",16.95,13.73,2018-10-01 00:00:00,8,9
191,2013-03-09 00:00:00,222192,Sweet Tea Revenge,Laura Childs,Mystery,"Theodosia Browning, owner of Indigo Tea Shop, is a bridesmaid in her friend's wedding. But the bridegroom is found dead on the big day.",29,13.92,2018-10-01 00:00:00,8,10
192,2016-10-15 00:00:00,222193,Crimson Death,Laurell K Hamilton,Fantasy,"The vampire hunter Anita Blake, her friend Edward and her servant Damian travel to Ireland to battle an unusual vampire infestation.",16.99,7.65,2018-10-01 00:00:00,10,14
193,2009-06-06 00:00:00,222194,Skin Trade,Laurell K Hamilton,Fantasy,"Investigating some killings in Las Vegas, the vampire hunter Anita Blake must contend with the power of the weretigers.",26.95,2.7,2018-10-01 00:00:00,8,9
194,2011-10-01 00:00:00,222195,The Affair,Lee Child,Suspense,"For Jack Reacher, an elite military police officer, it all started in 1997. A lonely railroad track. A crime scene. A cover-up.",28,8.68,2018-10-01 00:00:00,6,11
195,2010-01-16 00:00:00,222196,Roses,Leila Meacham,Historical Fiction,Three generations in a small East Texas town.,24.99,20.99,2018-10-01 00:00:00,8,12
196,2014-08-09 00:00:00,222197,The Magician's Land,Lev Grossman,Fantasy,"Quentin, an exiled magician, tries a risky heist in the final installment of a trilogy.",28.95,5.5,2018-10-01 00:00:00,6,9
197,2014-08-02 00:00:00,222198,Big Little Lies,Liane Moriarty,Contemporary Fiction,"Who will end up dead, and how, when three mothers with children in the same school become friends?",17,5.1,2018-10-01 00:00:00,7,11
198,2016-07-30 00:00:00,222199,Truly Madly Guilty,Liane Moriarty,Contemporary Fiction,Tense turning points for three couples at a backyard barbecue gone wrong.,14.99,10.04,2018-10-01 00:00:00,6,10
199,2016-07-16 00:00:00,222200,Among The Wicked,Linda Castillo,Mystery,Chief of Police Kate Burkholder goes undercover as a widow in a reclusive Amish community to investigate a girl's death.,24,6.72,2018-10-01 00:00:00,9,10
200,2014-06-21 00:00:00,222201,Terminal City,Linda Fairstein,Mystery,"Alexandra Cooper, a Manhattan assistant district attorney, hunts for a killer in Grand Central’s underground tunnels.",32.95,16.48,2018-10-01 00:00:00,8,12
201,2011-10-01 00:00:00,222202,A Lawman's Christmas,Linda Lael Miller,Romance,"The death of the town marshal leaves Blue River, Texas, without a lawman, and Dara Rose Nolan without a husband. Clay McKettrick steps in, and when he and Dara Rose agree to a marriage of convenience, the temporary lawman’s Christmas wish is to make her his permanent wife.",28,15.96,2018-10-01 00:00:00,5,10
202,2016-02-13 00:00:00,222203,Find Her,Lisa Gardner,Suspense,The Boston detective D.D. Warren hunts for a missing woman who was kidnapped and abused as a college student and may have become a vigilante.,28.95,10.71,2018-10-01 00:00:00,4,4
203,2008-07-19 00:00:00,222204,Say Goodbye,Lisa Gardner,Suspense,An F.B.I. agent tracks a serial killer who uses spiders as a weapon.,25,11.25,2018-10-01 00:00:00,2,5
204,2010-04-03 00:00:00,222205,Without Mercy,Lisa Jackson,Mystery,"Students are dying at an Oregon boarding school for wayward kids, and the concerned new teacher may be the next target.",25,4.25,2018-10-01 00:00:00,3,6
205,2011-04-16 00:00:00,222206,Save Me,Lisa Scottoline,Contemporary Fiction,A mother’s action during a school emergency causes an uproar in a Philadelphia suburb.,27.99,11.2,2018-10-01 00:00:00,6,10
206,2010-03-20 00:00:00,222207,Think Twice,Lisa Scottoline,Contemporary Fiction,A woman takes over her twin sister’s life.,26.99,21.86,2018-10-01 00:00:00,6,10
207,2009-05-30 00:00:00,222208,Shanghai Girls,Lisa See,Historical Fiction,"Two Chinese sisters in the 1930s are sold as wives to men from California, and leave their war-torn country to join them.",25,2.5,2018-10-01 00:00:00,4,4
208,2017-11-04 00:00:00,222209,Twin Peaks: The Final Dossier,Mark Frost,Mystery,Updated profiles on the residents of Twin Peaks are assembled by special agent Tamara Preston.,27.95,8.66,2018-10-01 00:00:00,1,0
209,2017-02-18 00:00:00,222210,Gunmetal Gray,Mark Greaney,Suspense,"Court Gentry, now working for the C.I.A., pursues a Chinese hacker who is on the run.",21.95,16.24,2018-10-01 00:00:00,8,13
210,2013-11-16 00:00:00,222211,Tatiana,Martin Cruz Smith,Suspense,"A dead translator’s coded notebook may hold the key to the murders of a muckraking journalist and an oligarch in the former Soviet Union. Arkady Renko, a senior investigator in the Moscow prosecutor’s office, is on the case.",20.99,18.68,2018-10-01 00:00:00,2,2
211,2018-05-26 00:00:00,222212,Beach House Reunion,Mary Alice Monroe,Contemporary Fiction,Three generations of a family gather one summer in South Carolina.,32.95,6.59,2018-10-01 00:00:00,3,6
212,2011-04-09 00:00:00,222213,I’Ll Walk Alone,Mary Higgins Clark,Mystery,A woman haunted by the disappearance of her young son discovers that someone has stolen her identity.,25.99,3.9,2018-10-01 00:00:00,9,14
213,2014-11-22 00:00:00,222214,The Cinderella Murder,Mary Higgins Clark and Alafair Burke,Mystery,A TV producer plans a show about a cold case — the murder of a U.C.L.A. student who was found with one shoe missing.,25.95,5.97,2018-10-01 00:00:00,1,4
214,2011-06-11 00:00:00,222215,Summer Rental,Mary Kay Andrews,Contemporary Fiction,Three friends in their mid-30s spend a month on North Carolina’s Outer Banks.,25.99,9.62,2018-10-01 00:00:00,9,11
215,2018-05-12 00:00:00,222216,The High Tide Club,Mary Kay Andrews,Mystery,"An eccentric millionaire enlists the attorney Brooke Trappnell to fix old wrongs, which sets up a potential scandal and murder.",23.95,14.13,2018-10-01 00:00:00,10,14
216,2016-05-21 00:00:00,222217,The Weekenders,Mary Kay Andrews,Mystery,"On the North Carolina island of Belle Isle, a woman investigates her husband’s shady financial affairs after his mysterious death.",20.95,12.78,2018-10-01 00:00:00,9,13
217,2012-09-15 00:00:00,222218,Telegraph Avenue,Michael Chabon,Contemporary Fiction,"Fathers and sons in Berkeley and Oakland, Calif.",27.99,11.2,2018-10-01 00:00:00,10,13
218,2014-11-08 00:00:00,222219,The Burning Room,Michael Connelly,Mystery,The Los Angeles detective Harry Bosch and his new partner investigate two long-unsolved cases.,36.99,17.39,2018-10-01 00:00:00,7,9
219,2011-04-09 00:00:00,222220,The Fifth Witness,Michael Connelly,Mystery,The defense lawyer Mickey Haller represents a woman facing home foreclosure who is accused of killing a banker.,27.99,6.16,2018-10-01 00:00:00,4,4
220,2018-05-12 00:00:00,222221,Warlight,Michael Ondaatje,Historical Fiction,"In Britain after World War II, a pair of teenage siblings are taken under the tutelage of a mysterious man and his cronies who served during the war.",26,20.28,2018-10-01 00:00:00,6,10
221,2010-08-14 00:00:00,222222,Death On The D-List,Nancy Grace,Mystery,Fading celebrities who appear on Hailey Dean’s TV show are being murdered.,25.99,5.98,2018-10-01 00:00:00,1,0
222,2011-09-24 00:00:00,222223,Reamde,Neal Stephenson,Science Fiction,A virus invades a multiplayer online role-playing game and sets off a violent struggle.,35,14.7,2018-10-01 00:00:00,10,12
223,2015-02-07 00:00:00,222224,Trigger Warning,Neil Gaiman,Poetry,Stories and poems about the power of imagination.,17.95,10.41,2018-10-01 00:00:00,4,5
224,2009-04-11 00:00:00,222225,Borderline,Nevada Barr,Suspense,"Off duty and on vacation in Big Bend National Park, Anna Pigeon rescues a baby and is drawn into cross-border intrigue.",25.95,3.11,2018-10-01 00:00:00,3,8
225,2014-04-05 00:00:00,222226,Destroyer Angel,Nevada Barr,Suspense,The National Park Service Ranger Anna Pigeon must rescue friends who are kidnapped while camping in Minnesota.,32,3.52,2018-10-01 00:00:00,3,5
226,2015-07-04 00:00:00,222227,The Little Paris Bookshop,Nina George,Romance,A bookseller with a knack for finding just the right book for making others feel better embarks on a journey in pursuit of his own happiness.,34,5.78,2018-10-01 00:00:00,6,11
227,2010-07-10 00:00:00,222228,The Search,Nora Roberts,Suspense,"The only survivor of a serial killer has found peace in the Pacific Northwest, but her life is shaken by the appearance of a new man and a copycat murderer.",26.95,8.62,2018-10-01 00:00:00,4,9
228,2017-03-11 00:00:00,222229,Silence Fallen,Patricia Briggs,Fantasy,The shape-shifter Mercy Thompson finds herself in the clutches of the world’s most powerful vampire.,36,10.08,2018-10-01 00:00:00,7,7
229,2013-11-16 00:00:00,222230,Dust,Patricia Cornwell,Mystery,The murder of a computer engineer at M.I.T. leads the Massachusetts Chief Medical Examiner Kay Scarpetta in unexpected directions.,23.99,18.23,2018-10-01 00:00:00,4,4
230,2008-12-06 00:00:00,222231,Scarpetta,Patricia Cornwell,Mystery,The forensic pathologist Kay Scarpetta takes an assignment in New York City.,27.95,13.14,2018-10-01 00:00:00,4,9
231,2017-02-04 00:00:00,222232,4 3 2 1,Paul Auster,Historical Fiction,Four versions of the formative years of a Jewish boy born in Newark in 1947.,20.95,5.87,2018-10-01 00:00:00,8,9
232,2012-02-18 00:00:00,222233,Robert Ludlum’S The Janson Command,Paul Garrison,Suspense,A former American operative builds a network to help him resolve crises without torture or civilian casualties.,27.99,7.28,2018-10-01 00:00:00,9,13
233,2015-04-11 00:00:00,222234,The Lady From Zagreb,Philip Kerr,Suspense,The former Berlin homicide detective Bernie Gunther is sent to Croatia by Joseph Goebbels to persuade a film star to appear in a movie.,20.95,19.27,2018-10-01 00:00:00,6,9
234,2013-06-01 00:00:00,222235,The Son,Philipp Meyer,Historical Fiction,"More than 150 years in a Texas family, from Comanche raids to the present, and its rise to money and power in the cattle and oil industries.",22,19.58,2018-10-01 00:00:00,1,3
235,2014-09-13 00:00:00,222236,The King's Curse,Philippa Gregory,Historical Fiction,"As chief lady-in-waiting to Katherine of Aragon, Margaret Pole is torn between the queen and her husband, Henry VIII.",18.99,3.99,2018-10-01 00:00:00,10,14
236,2008-09-20 00:00:00,222237,The Other Queen,Philippa Gregory,Historical Fiction,"The story of Mary, Queen of Scots, in captivity under Queen Elizabeth.",25.95,23.61,2018-10-01 00:00:00,3,8
237,2013-03-09 00:00:00,222238,The Last Threshold,R A Salvatore,Fantasy,Book 4 of the fantasy Neverwinter Saga.,27.95,2.8,2018-10-01 00:00:00,10,15
238,2008-10-11 00:00:00,222239,The Pirate King,R A Salvatore,Fantasy,"In Book 2 of the Transitions fantasy series, Drizzt returns to Luskan, a city dominated by dangerous pirates.",27.95,14.25,2018-10-01 00:00:00,5,6
239,2014-07-12 00:00:00,222240,Landline,Rainbow Rowell,Fantasy,A woman in a troubled marriage finds a way to communicate with her husband in the past.,29,5.8,2018-10-01 00:00:00,8,13
240,2018-03-17 00:00:00,222241,Caribbean Rim,Randy Wayne White,Mystery,The 25th book in the Doc Ford series. The marine biologist searches for a state agency official and rare Spanish coins.,15,9.45,2018-10-01 00:00:00,8,10
241,2010-03-13 00:00:00,222242,Deep Shadow,Randy Wayne White,Mystery,Murderers want Doc Ford to help them dive for the remains of a wrecked plane supposedly laden with Cuban gold.,25.95,5.45,2018-10-01 00:00:00,1,5
242,2013-09-21 00:00:00,222243,Deadly Heat,Richard Castle,Mystery,The N.Y.P.D. homicide detective Nikki Heat and the journalist Jameson Rook search for the former C.I.A. station chief who ordered her mother’s execution.\nThe N.Y.P.D. homicide detective Nikki Heat and the journalist Jameson Rook search for the former C.I.A. station chief who ordered her mother’s execution.,16,3.36,2018-10-01 00:00:00,1,2
243,2014-10-18 00:00:00,222244,The Narrow Road To The Deep North,Richard Flanagan,Historical Fiction,"The hero of the Man Booker Prize-winning novel about love, good and evil is a P.O.W. working on the Thai-Burma Death Railway during World War II.",34,20.74,2018-10-01 00:00:00,6,9
244,2010-10-09 00:00:00,222245,Promise Me,Richard Paul Evans,Romance,"On Christmas Day, a woman with family problems meets a handsome, mysterious stranger.",19.99,10.79,2018-10-01 00:00:00,1,2
245,2015-11-21 00:00:00,222246,The Mistletoe Inn,Richard Paul Evans,Romance,An aspiring romance writer with a broken heart meets a complicated man at a Christmas writers’ retreat.,36.95,11.09,2018-10-01 00:00:00,10,10
246,2014-11-22 00:00:00,222247,The Mistletoe Promise,Richard Paul Evans,Romance,A divorced woman enters into a contract with a strange man to pretend to be a couple until Christmas.,23.99,12.23,2018-10-01 00:00:00,10,11
247,2008-10-25 00:00:00,222248,Rough Weather,Robert B Parker,Mystery,The Boston private eye Spenser gets involved when a gunman kidnaps the bride from her wedding on a private island.,26.95,20.75,2018-10-01 00:00:00,8,10
248,2009-10-10 00:00:00,222249,The Professional,Robert B Parker,Mystery,"Rich women are turning up dead, and the Boston P.I. Spenser investigates.",26.95,7.01,2018-10-01 00:00:00,8,9
249,2008-07-05 00:00:00,222250,Chasing Darkness,Robert Crais,Mystery,The Los Angeles private eye Elvis Cole responsible for the release of a serial killer?,25.95,9.08,2018-10-01 00:00:00,7,10
250,2015-11-14 00:00:00,222251,The Promise,Robert Crais,Mystery,"The Los Angeles P.I. Elvis Cole joins forces with the K-9 officer Scott James of the L.A.P.D. and his German shepherd, Maggie, as well as his partner, Joe Pike, to foil a criminal mastermind.",27.95,18.73,2018-10-01 00:00:00,8,9
251,2008-08-09 00:00:00,222252,Foreign Body,Robin Cook,Thriller,A medical student investigates a rising number of deaths among medical tourists at foreign hospitals.,25.95,24.65,2018-10-01 00:00:00,6,11
252,2016-07-23 00:00:00,222253,The Woman In Cabin 10,Ruth Ware,Thriller,"A travel writer on a cruise is certain she has heard a body thrown overboard, but no one believes her.",32,3.52,2018-10-01 00:00:00,7,9
253,2011-06-18 00:00:00,222254,Before I Go To Sleep,S J Watson,Mystery,"After a mysterious accident, an amnesiac cannot remember her past or form new memories.",14.99,6,2018-10-01 00:00:00,1,5
254,2013-09-28 00:00:00,222255,Deadline,Sandra Brown,Suspense,"A journalist who pursues a story about a former marine, the son of terrorists from 40 years ago,becomes a suspect in the death of his ex-wife.",16,4.48,2018-10-01 00:00:00,6,7
255,2015-08-22 00:00:00,222256,Friction,Sandra Brown,Mystery,A Texas Ranger fights for custody of his daughter amid complications stemming from his attraction to the judge.,18.99,2.85,2018-10-01 00:00:00,7,8
256,2014-08-23 00:00:00,222257,Mean Streak,Sandra Brown,Suspense,A North Carolina pediatrician is held captive by a mysterious man who forces her to question her life.,29.95,26.66,2018-10-01 00:00:00,8,11
257,2016-08-20 00:00:00,222258,Sting,Sandra Brown,Mystery,A hired killer and a woman he kidnapped join forces to elude the F.B.I. agents and others who are searching for her corrupt brother.,27,8.91,2018-10-01 00:00:00,4,9
258,2010-03-20 00:00:00,222259,The Girl Who Chased The Moon,Sarah Addison Allen,Romance,Mysteries and magic in a quirky North Carolina town.,25,11.25,2018-10-01 00:00:00,3,6
259,2008-08-09 00:00:00,222260,Acheron,Sherrilyn Kenyon,Fantasy,Book 12 of the Dark-Hunter paranormal series.,24.95,13.72,2018-10-01 00:00:00,2,2
260,2016-08-06 00:00:00,222261,Dragonmark,Sherrilyn Kenyon,Fantasy,"The first book of a new trilogy featuring Illarion, a dragon made into a human against his will. A Dark-Hunter novel.",29.95,3.29,2018-10-01 00:00:00,7,10
261,2010-09-11 00:00:00,222262,No Mercy,Sherrilyn Kenyon,Fantasy,Book 19 of the Dark-Hunter paranormal series.,24.99,5.25,2018-10-01 00:00:00,10,12
262,2008-11-08 00:00:00,222263,Midnight,Sister Souljah,Contemporary Fiction,A boy from Sudan struggles to protect his mother and sister and remain true to his Islamic principles in a Brooklyn housing project.,26.95,21.29,2018-10-01 00:00:00,3,8
263,2013-01-19 00:00:00,222264,The Third Bullet,Stephen Hunter,Thriller,The veteran sniper Bob Lee Swagger investigates the assassination of John F. Kennedy.,26.99,15.11,2018-10-01 00:00:00,3,6
264,2013-10-19 00:00:00,222265,The Last Dark,Stephen R Donaldson,Fantasy,The 10th and final installment of the sprawling fantasy series about Thomas Covenant the Unbeliever.,16,10.88,2018-10-01 00:00:00,3,7
265,2008-05-24 00:00:00,222266,The Host,Stephenie Meyer,Science Fiction,"Aliens have taken control of the minds and bodies of most humans, but one woman won’t surrender.",25.99,13.25,2018-10-01 00:00:00,7,8
266,2011-05-21 00:00:00,222267,The Jefferson Key,Steve Berry,Suspense,The former government operative Cotton Malone foils an assassination attempt on the president and finds himself at dangerous odds with a secret society.,26,18.2,2018-10-01 00:00:00,8,11
267,2016-05-21 00:00:00,222268,The Second Life Of Nick Mason,Steve Hamilton,Suspense,"A deal with a fellow inmate, a crime boss, springs Nick Mason from prison, but he must become an assassin.",19.99,3.2,2018-10-01 00:00:00,2,5
268,2010-11-27 00:00:00,222269,An Object Of Beauty,Steve Martin,Contemporary Fiction,"A young, beautiful and ambitious woman ruthlessly ascends the heights of the Manhattan art world.",26.99,8.91,2018-10-01 00:00:00,6,6
269,2009-07-18 00:00:00,222270,Guardian Of Lies,Steve Martini,Mystery,"The lawyer Paul Madriani unravels a mystery involving gold coins, the C.I.A., and a weapon forgotten since the Cuban missile crisis.",26.99,18.62,2018-10-01 00:00:00,2,6
270,2013-01-12 00:00:00,222271,Collateral Damage,Stuart Woods,Mystery,"Back in New York, the lawyer Stone Barrington joins his former partner Holly Barker in pursuing a dangerous case.",26.95,19.4,2018-10-01 00:00:00,10,15
271,2018-06-09 00:00:00,222272,Turbulence,Stuart Woods,Mystery,The 46th book in the Stone Barrington series.,15.95,6.06,2018-10-01 00:00:00,10,13
272,2018-01-06 00:00:00,222273,Unbound,Stuart Woods,Mystery,The 44th book in the Stone Barrington series.,16,11.36,2018-10-01 00:00:00,3,8
273,2013-04-13 00:00:00,222274,Unintended Consequences,Stuart Woods,Mystery,The New York lawyer Stone Barrington discovers a shadowy network beneath the world of European wealth.,26.95,11.32,2018-10-01 00:00:00,8,10
274,2012-04-21 00:00:00,222275,Unnatural Acts,Stuart Woods,Mystery,The New York lawyer Stone Barrington becomes involved in the family problems of a billionaire hedge fund manager.,26.95,16.71,2018-10-01 00:00:00,6,8
275,2013-01-12 00:00:00,222276,Kinsey And Me,Sue Grafton,Mystery,Stories about Grafton’s character Kinsey Millhone as well as explorations of Grafton’s own past.,27.95,25.43,2018-10-01 00:00:00,7,10
276,2013-09-14 00:00:00,222277,W Is For Wasted,Sue Grafton,Mystery,"A homeless man inexplicably leaves $600,000 to Kinsey Millhone.",16,7.04,2018-10-01 00:00:00,3,8
277,2011-01-22 00:00:00,222278,Call Me Irresistible,Susan Elizabeth Phillips,Romance,"In a small town in Texas, characters from Phillips’s earlier novels reappear as a woman persuades a friend to call off her wedding to the town’s popular mayor.",25.99,11.44,2018-10-01 00:00:00,3,4
278,2008-08-30 00:00:00,222279,Just Breathe,Susan Wiggs,Romance,"Her marriage broken, the author of a syndicated comic strip flees to California, where romance and surprise await.",25.95,5.45,2018-10-01 00:00:00,8,8
279,2010-01-02 00:00:00,222280,Deeper Than The Dead,Tami Hoag,Mystery,An F.B.I. investigator and a teacher track a series of murders in California in 1985.,26.95,9.7,2018-10-01 00:00:00,4,9
280,2012-07-28 00:00:00,222281,Broken Harbor,Tana French,Mystery,"In French’s fourth Dublin murder squad novel, a detective’s investigation of a crime in a seaside town evokes memories of his disturbing childhood there.",27.95,24.04,2018-10-01 00:00:00,4,4
281,2018-02-10 00:00:00,222282,An American Marriage,Tayari Jones,Contemporary Fiction,A newlywed couple's relationship is tested when the husband is sentenced to 12 years in prison.,22.95,12.16,2018-10-01 00:00:00,9,11
282,2014-04-05 00:00:00,222283,Warriors,Ted Bell,Suspense,The counterspy Alex Hawke must rescue a kidnapped scientist.,33.99,5.44,2018-10-01 00:00:00,8,12
283,2008-08-30 00:00:00,222284,The Gypsy Morph,Terry Brooks,Fantasy,"In the third volume of the Genesis of Shannara series, champions of the Word and the Void clash.",27,6.75,2018-10-01 00:00:00,6,6
284,2011-08-27 00:00:00,222285,The Measure Of The Magic,Terry Brooks,Fantasy,"With the land on edge, Panterra is destined to confront a menace who seeks to claim the last black staff, and the life of the one who wields it.",27,15.39,2018-10-01 00:00:00,4,7
285,2012-08-25 00:00:00,222286,Wards Of Faerie,Terry Brooks,Fantasy,"In the first book of a new fantasy series, the Dark Legacy of Shannara, Druids, Elves and humans unite to try to capture the Elfstones and rescue the troubled Four Lands.",28,4.2,2018-10-01 00:00:00,1,5
286,2017-01-28 00:00:00,222287,Death's Mistress,Terry Goodkind,Fantasy,"The first book of a new series, the Nicci Chronicles, centers on a character from the Sword of Truth fantasy series.",20,12,2018-10-01 00:00:00,7,8
287,2011-08-20 00:00:00,222288,The Omen Machine,Terry Goodkind,Fantasy,"A return to the lives of Richard Rahl and Kahlan Amnell, in a tale of a new threat to their world.",29.99,17.69,2018-10-01 00:00:00,7,12
288,2009-10-10 00:00:00,222289,The Unseen Academicals,Terry Pratchett,Fantasy,"In this Discworld fantasy, the benevolent tyrant of Ankh-Morpork suggests that Unseen University put together a football team.",25.99,3.12,2018-10-01 00:00:00,9,14
289,2017-08-19 00:00:00,222290,I Know A Secret,Tess Gerritsen,Mystery,Rizzoli and Isles investigate two separate homicides and uncover other dangerous mysteries.,32.95,26.36,2018-10-01 00:00:00,3,8
290,2012-09-01 00:00:00,222291,Last To Die,Tess Gerritsen,Mystery,The detective Jane Rizzoli and the medical examiner Maura Isles protect a boy whose family and foster family have all been murdered.,27,9.99,2018-10-01 00:00:00,5,6
291,2010-12-11 00:00:00,222292,Dead Or Alive,Tom Clancy with Grant Blackwood,Suspense,Many characters from Clancy’s previous novels make an appearance as an intelligence group tracks a vicious terrorist called the Emir.,28.95,24.03,2018-10-01 00:00:00,8,8
292,2012-12-08 00:00:00,222293,Threat Vector,Tom Clancy with Mark Greaney,Suspense,"As China threatens to invade Taiwan, the covert intelligence expert Jack Ryan Jr. aids his father’s administration — but his agency is no longer secret.",28.95,10.71,2018-10-01 00:00:00,9,12
293,2008-10-25 00:00:00,222294,Extreme Measures,Vince Flynn,Suspense,Mitch Rapp teams up with a C.I.A. colleague to fight a terrorist cell — and the politicians who would rein them in.,27.95,15.09,2018-10-01 00:00:00,2,4
294,2009-10-17 00:00:00,222295,Pursuit Of Honor,Vince Flynn,Suspense,The counterterrorism operative Mitch Rapp must teach politicians about national security following a new Qaeda attack.,27.99,5.04,2018-10-01 00:00:00,4,4
295,2009-11-14 00:00:00,222296,Wishin' And Hopin',Wally Lamb,Humor,A fifth-grader in 1964 gets ready for Christmas.,15,13.95,2018-10-01 00:00:00,3,3
296,2011-05-14 00:00:00,222297,Those In Peril,Wilbur Smith,Suspense,A private security agent battles pirates who have kidnapped a woman from a yacht in the Indian Ocean.,27.99,16.23,2018-10-01 00:00:00,8,10
297,2017-08-26 00:00:00,222298,Sulfur Springs,William Kent Krueger,Mystery,"A newly married couple search for the wife's missing son, which leads them to a border town in the middle of a drug war.",32.95,17.79,2018-10-01 00:00:00,10,15
298,2015-09-19 00:00:00,222299,One Year After,William R Forstchen,Science Fiction,A New Regime imposes tyranny in the aftermath of a nuclear attack.,23.95,3.59,2018-10-01 00:00:00,6,10
299,2016-06-11 00:00:00,222300,Homegoing,Yaa Gyasi,Contemporary Fiction,This Ghanaian-American writer’s first novel traces the lives in West Africa and America of seven generations of the descendants of two half sisters.,26.95,2.7,2018-10-01 00:00:00,4,8
